{"schemaVersion":"1.0","appDefinitionTemplate":{"id":"/providers/Microsoft.PowerApps/apps/","type":"Microsoft.PowerApps/apps","tags":{"primaryDeviceWidth":"640","primaryDeviceHeight":"1136","supportsPortrait":"true","supportsLandscape":"true","primaryFormFactor":"Phone","publisherVersion":"3.22082.8","minimumRequiredApiVersion":"2.2.0","hasComponent":"false","hasUnlockedComponent":"false","isUnifiedRootApp":"false","sienaVersion":"20220821T012522Z-3.22082.8.0"},"properties":{"appVersion":"2022-08-21T01:25:22Z","lifeCycleId":"Published","createdByClientVersion":{"major":3,"minor":22082,"build":8,"revision":0,"majorRevision":0,"minorRevision":0},"minClientVersion":{"major":3,"minor":22082,"build":8,"revision":0,"majorRevision":0,"minorRevision":0},"backgroundColor":"RGBA(0,176,240,1)","backgroundImageUri":"/5296484812364845583/Ndf60fda9-cd7c-4237-907a-f726355021b2-logoSmallFile","displayName":"Professor","description":"","commitMessage":"","appUris":{"documentUri":{"value":"/5296484812364845583/N55392700-74d2-4f45-b877-bdd32211ad0c-document.msapp"},"imageUris":[],"additionalUris":[]},"createdTime":"0001-01-01T00:00:00Z","lastModifiedTime":"0001-01-01T00:00:00Z","sharedGroupsCount":0,"sharedUsersCount":0,"icons":{"smallIconUri":"/5296484812364845583/N2ffde7a6-987d-4c99-9c5f-d6fadc0f89d1-small.png","mediumIconUri":"/5296484812364845583/Nf0b689b6-3483-4315-b435-e7a427035341-medium.png","largeIconUri":"/5296484812364845583/N67875e4d-82bb-4174-ba53-cfc288697202-large.png","wideIconUri":"/5296484812364845583/N9ce5564b-310e-46de-a452-1f5c4e3248d1-wide.png"},"connectionReferences":{"db1aa9cd-d98e-4edc-a5db-199c50255d96":{"id":"def7cbee-e8e3-4277-8430-765065dc5fdf","displayName":"SharePoint","iconUri":"https://connectoricons-prod.azureedge.net/releases/v1.0.1591/1.0.1591.2961/sharepointonline/icon.png","dataSources":["logins","fromto"],"dependencies":[],"dependents":[],"parameterHints":{},"parameterHintsV2":{},"isOnPremiseConnection":false,"bypassConsent":false,"dataSets":{"https://24vlmj.sharepoint.com/sites/IOS":{"dataSources":{"logins":{"tableName":"4ffda8b3-bc88-497d-b5ee-ec29c36d52ec"},"fromto":{"tableName":"5bac5118-41bd-4306-93c9-4c030676ba4b"}}}},"apiTier":"Standard","isCustomApiConnection":false,"actions":["providers/PowerPlatform.Governance/Operations/Read"]},"3855ddcf-98c0-41fc-bf8a-6407511632e8":{"id":"def7cbee-e8e3-4277-8430-765065dc5fdf","displayName":"SharePoint","iconUri":"https://connectoricons-prod.azureedge.net/releases/v1.0.1591/1.0.1591.2961/sharepointonline/icon.png","dataSources":["Reservations"],"dependencies":[],"dependents":[],"parameterHints":{},"parameterHintsV2":{},"isOnPremiseConnection":false,"bypassConsent":false,"dataSets":{"https://24vlmj.sharepoint.com/sites/IOS":{"dataSources":{"Reservations":{"tableName":"574fca0e-a600-45cf-9fed-efa61d8a13ff"}}}},"apiTier":"Standard","isCustomApiConnection":false,"actions":["providers/PowerPlatform.Governance/Operations/Read"]}},"databaseReferences":{"default.cds":{"databaseDetails":{"referenceType":"Environmental","environmentName":"default.cds","overrideValues":{"status":"NotSpecified"}},"dataSources":{"Time Zone Definitions":{"entitySetName":"timezonedefinitions","logicalName":"timezonedefinition"}},"actions":["providers/PowerPlatform.Governance/Operations/Read"]}},"almMode":"Environment","performanceOptimizationEnabled":true,"canConsumeAppPass":true,"enableModernRuntimeMode":false,"executionRestrictions":{"isTeamsOnly":false,"dataLossPreventionEvaluationResult":{"status":"Compliant","lastEvaluationDate":"2022-08-20T11:36:14.4759236Z","violations":[],"violationsByPolicy":[],"violationErrorMessage":"The app uses the following connectors: ."}}},"appType":"ClassicCanvasApp","appComponents":[]}}