{"schemaVersion":"1.0","appDefinitionTemplate":{"id":"/providers/Microsoft.PowerApps/apps/","type":"Microsoft.PowerApps/apps","tags":{"primaryDeviceWidth":"640","primaryDeviceHeight":"1136","supportsPortrait":"true","supportsLandscape":"true","primaryFormFactor":"Phone","publisherVersion":"3.22082.8","minimumRequiredApiVersion":"2.2.0","hasComponent":"false","hasUnlockedComponent":"false","isUnifiedRootApp":"false","sienaVersion":"20220820T231326Z-3.22082.8.0"},"properties":{"appVersion":"2022-08-20T23:13:26Z","lifeCycleId":"Published","createdByClientVersion":{"major":3,"minor":22082,"build":8,"revision":0,"majorRevision":0,"minorRevision":0},"minClientVersion":{"major":3,"minor":22082,"build":8,"revision":0,"majorRevision":0,"minorRevision":0},"backgroundColor":"RGBA(0,176,240,1)","backgroundImageUri":"/5893168274265884483/N5fae731f-025b-4645-b754-851ac4b2a63a-logoSmallFile","displayName":"RiisyForStudent","description":"","commitMessage":"","appUris":{"documentUri":{"value":"/5893168274265884483/N1f4bbdcc-48cd-46bb-a9e5-0426446fa5ac-document.msapp"},"imageUris":[],"additionalUris":[]},"createdTime":"0001-01-01T00:00:00Z","lastModifiedTime":"0001-01-01T00:00:00Z","sharedGroupsCount":0,"sharedUsersCount":0,"icons":{"smallIconUri":"/5893168274265884483/N13187586-bf3d-4ffb-ad1b-b8e327af8803-small.png","mediumIconUri":"/5893168274265884483/Ne53d460d-b7cb-4073-9e80-d5e5b3ad8483-medium.png","largeIconUri":"/5893168274265884483/N40a74c53-7048-4147-ba0c-f8cc82215040-large.png","wideIconUri":"/5893168274265884483/N745209d7-5aa7-4d08-8dac-39124cf3148a-wide.png"},"connectionReferences":{"9d130a1f-6946-4110-8d80-72fd72b5fffd":{"id":"875b0e9b-d340-45b3-8267-d9a90f42dd39","displayName":"SharePoint","iconUri":"https://connectoricons-prod.azureedge.net/releases/v1.0.1591/1.0.1591.2961/sharepointonline/icon.png","dataSources":["문서","문서_1"],"dependencies":[],"dependents":[],"parameterHints":{},"parameterHintsV2":{},"isOnPremiseConnection":false,"bypassConsent":false,"dataSets":{"https://yd6gs.sharepoint.com/sites/IOSforStudent":{"dataSources":{"문서":{"tableName":"9abf667d-bbc5-4276-9b2d-f15858ac50f1"},"문서_1":{"tableName":"9abf667d-bbc5-4276-9b2d-f15858ac50f1"}}}},"apiTier":"Standard","isCustomApiConnection":false,"actions":["providers/PowerPlatform.Governance/Operations/Read"]},"af6ca266-49f4-427a-9b59-0a0dad536c77":{"id":"875b0e9b-d340-45b3-8267-d9a90f42dd39","displayName":"SharePoint","iconUri":"https://connectoricons-prod.azureedge.net/releases/v1.0.1591/1.0.1591.2961/sharepointonline/icon.png","dataSources":["문서_2"],"dependencies":[],"dependents":[],"parameterHints":{},"parameterHintsV2":{},"isOnPremiseConnection":false,"bypassConsent":false,"dataSets":{"https://yd6gs.sharepoint.com/sites/IOSforStudent":{"dataSources":{"문서_2":{"tableName":"9abf667d-bbc5-4276-9b2d-f15858ac50f1"}}}},"apiTier":"Standard","isCustomApiConnection":false,"actions":["providers/PowerPlatform.Governance/Operations/Read"]},"ec8ad03f-3da3-4056-9f17-8bb29da13769":{"id":"875b0e9b-d340-45b3-8267-d9a90f42dd39","displayName":"SharePoint","iconUri":"https://connectoricons-prod.azureedge.net/releases/v1.0.1591/1.0.1591.2961/sharepointonline/icon.png","dataSources":["ReservationsT"],"dependencies":[],"dependents":[],"parameterHints":{},"parameterHintsV2":{},"isOnPremiseConnection":false,"bypassConsent":false,"dataSets":{"https://yd6gs.sharepoint.com/sites/IOSforStudent":{"dataSources":{"ReservationsT":{"tableName":"a6b4445f-32b9-43b7-bf7a-c47427cd6793"}}}},"apiTier":"Standard","isCustomApiConnection":false,"actions":["providers/PowerPlatform.Governance/Operations/Read"]},"d59877d5-6b11-49cf-9057-a2ba6d9639bb":{"id":"875b0e9b-d340-45b3-8267-d9a90f42dd39","displayName":"SharePoint","iconUri":"https://connectoricons-prod.azureedge.net/releases/v1.0.1591/1.0.1591.2961/sharepointonline/icon.png","dataSources":["Professor Name"],"dependencies":[],"dependents":[],"parameterHints":{},"parameterHintsV2":{},"isOnPremiseConnection":false,"bypassConsent":false,"dataSets":{"https://yd6gs.sharepoint.com/sites/IOSforStudent":{"dataSources":{"Professor Name":{"tableName":"a6874d08-b71a-41e5-ac32-c7249c1119c2"}}}},"apiTier":"Standard","isCustomApiConnection":false,"actions":["providers/PowerPlatform.Governance/Operations/Read"]}},"databaseReferences":{},"almMode":"Environment","performanceOptimizationEnabled":true,"canConsumeAppPass":true,"enableModernRuntimeMode":false,"executionRestrictions":{"isTeamsOnly":false,"dataLossPreventionEvaluationResult":{"status":"Compliant","lastEvaluationDate":"2022-08-20T11:37:42.5725928Z","violations":[],"violationsByPolicy":[],"violationErrorMessage":"앱에서 사용하는 커넥터는 다음과 같습니다. "}}},"appType":"ClassicCanvasApp","appComponents":[]}}