{"schemaVersion":"1.0","appDefinitionTemplate":{"id":"/providers/Microsoft.PowerApps/apps/","type":"Microsoft.PowerApps/apps","tags":{"primaryDeviceWidth":"640","primaryDeviceHeight":"1136","supportsPortrait":"true","supportsLandscape":"true","primaryFormFactor":"Phone","publisherVersion":"3.22082.8","minimumRequiredApiVersion":"2.2.0","hasComponent":"false","hasUnlockedComponent":"false","isUnifiedRootApp":"false","sienaVersion":"20220821T010332Z-3.22082.8.0"},"properties":{"appVersion":"2022-08-21T01:03:32Z","lifeCycleId":"Published","createdByClientVersion":{"major":3,"minor":22082,"build":8,"revision":0,"majorRevision":0,"minorRevision":0},"minClientVersion":{"major":3,"minor":22082,"build":8,"revision":0,"majorRevision":0,"minorRevision":0},"backgroundColor":"RGBA(0,176,240,1)","backgroundImageUri":"/17096330771300482433/Na1e4ec83-aa1d-4afc-9182-a82f4cc250bf-logoSmallFile","displayName":"RiisyForStudent","description":"","commitMessage":"","appUris":{"documentUri":{"value":"/17096330771300482433/Nf070a003-843c-4a9e-b414-4b733c99b5bf-document.msapp"},"imageUris":[],"additionalUris":[]},"createdTime":"0001-01-01T00:00:00Z","lastModifiedTime":"0001-01-01T00:00:00Z","sharedGroupsCount":0,"sharedUsersCount":0,"icons":{"smallIconUri":"/17096330771300482433/Nb2c095c7-98b4-4387-a381-fb408e04556c-small.png","mediumIconUri":"/17096330771300482433/Nfd530394-c690-4b1c-bf3f-14720601a660-medium.png","largeIconUri":"/17096330771300482433/Ncba8449c-fb46-457f-9e8b-27617f3eb156-large.png","wideIconUri":"/17096330771300482433/N5f657d1b-9537-4cf4-99fc-47680bb07d63-wide.png"},"connectionReferences":{"9d130a1f-6946-4110-8d80-72fd72b5fffd":{"id":"def7cbee-e8e3-4277-8430-765065dc5fdf","displayName":"SharePoint","iconUri":"https://connectoricons-prod.azureedge.net/releases/v1.0.1591/1.0.1591.2961/sharepointonline/icon.png","dataSources":["문서","문서_1","Reservations","logins","professor name"],"dependencies":[],"dependents":[],"parameterHints":{},"parameterHintsV2":{},"isOnPremiseConnection":false,"bypassConsent":false,"dataSets":{"https://yd6gs.sharepoint.com/sites/IOSforStudent":{"dataSources":{"문서":{"tableName":"9abf667d-bbc5-4276-9b2d-f15858ac50f1"},"문서_1":{"tableName":"9abf667d-bbc5-4276-9b2d-f15858ac50f1"}}},"https://24vlmj.sharepoint.com/sites/IOS":{"dataSources":{"Reservations":{"tableName":"574fca0e-a600-45cf-9fed-efa61d8a13ff"},"logins":{"tableName":"4ffda8b3-bc88-497d-b5ee-ec29c36d52ec"},"professor name":{"tableName":"b0d27f1f-06b0-4eee-aeba-b417a6220aed"}}}},"apiTier":"Standard","isCustomApiConnection":false,"actions":["providers/PowerPlatform.Governance/Operations/Read"]},"af6ca266-49f4-427a-9b59-0a0dad536c77":{"id":"def7cbee-e8e3-4277-8430-765065dc5fdf","displayName":"SharePoint","iconUri":"https://connectoricons-prod.azureedge.net/releases/v1.0.1591/1.0.1591.2961/sharepointonline/icon.png","dataSources":["문서_2"],"dependencies":[],"dependents":[],"parameterHints":{},"parameterHintsV2":{},"isOnPremiseConnection":false,"bypassConsent":false,"dataSets":{"https://yd6gs.sharepoint.com/sites/IOSforStudent":{"dataSources":{"문서_2":{"tableName":"9abf667d-bbc5-4276-9b2d-f15858ac50f1"}}}},"apiTier":"Standard","isCustomApiConnection":false,"actions":["providers/PowerPlatform.Governance/Operations/Read"]},"d59877d5-6b11-49cf-9057-a2ba6d9639bb":{"id":"def7cbee-e8e3-4277-8430-765065dc5fdf","displayName":"SharePoint","iconUri":"https://connectoricons-prod.azureedge.net/releases/v1.0.1591/1.0.1591.2961/sharepointonline/icon.png","dataSources":["Professor Name"],"dependencies":[],"dependents":[],"parameterHints":{},"parameterHintsV2":{},"isOnPremiseConnection":false,"bypassConsent":false,"dataSets":{"https://yd6gs.sharepoint.com/sites/IOSforStudent":{"dataSources":{"Professor Name":{"tableName":"a6874d08-b71a-41e5-ac32-c7249c1119c2"}}}},"apiTier":"Standard","isCustomApiConnection":false,"actions":["providers/PowerPlatform.Governance/Operations/Read"]}},"databaseReferences":{},"almMode":"Environment","performanceOptimizationEnabled":true,"canConsumeAppPass":true,"enableModernRuntimeMode":false,"executionRestrictions":{"isTeamsOnly":false,"dataLossPreventionEvaluationResult":{"status":"Compliant","lastEvaluationDate":"2022-08-20T11:37:42.5725928Z","violations":[],"violationsByPolicy":[],"violationErrorMessage":"앱에서 사용하는 커넥터는 다음과 같습니다. "}}},"appType":"ClassicCanvasApp","appComponents":[]}}